node;betweenness_scc_non_normalized;betweenness_scc_normalized
1;0;0.0
10;21540;0.01838188232523131
100;1083;0.0009242144177449168
1002;4244;0.003621759915890514
1003;49236;0.042017193972381094
1004;0;0.0
1005;49236;0.042017193972381094
1006;3977;0.0033939064998813797
1008;19014;0.016226235400740394
1009;11887;0.010144170622099562
1010;3977;0.0033939064998813797
1011;1454;0.0012408197261321414
1012;22881;0.019526269706760333
1013;46840;0.03997248691336279
1018;0;0.0
1019;46840;0.03997248691336279
1020;22881;0.019526269706760333
1021;46840;0.03997248691336279
1022;15152;0.01293046801262325
1025;12901;0.011009501572785938
1026;1936;0.0016521506119613655
1027;0;0.0
1028;9665;0.00824795230609845
1031;0;0.0
1033;0;0.0
1034;0;0.0
1035;0;0.0
1036;0;0.0
105;25792;0.02201046930976629
108;1457;0.001243379876873817
109;17842;0.015226069844325767
11;17779;0.015172306678750578
1101;14232;0.012145355118509378
1102;14314;0.012215332572115179
1103;7212;0.006154602382988311
1104;3839;0.0032761395657642987
1105;7212;0.006154602382988311
1106;8694;0.007419316849376091
1109;2163;0.001845868684748158
111;26351;0.022487510731298524
1110;8694;0.007419316849376091
1111;2163;0.001845868684748158
1112;8542;0.00728960254513119
1114;8542;0.00728960254513119
1117;2163;0.001845868684748158
1118;36177;0.030872857793866903
1119;42990;0.03668696012821235
112;1083;0.0009242144177449168
1120;11767;0.010041764592432535
1121;12356;0.010544407521381525
1122;15692;0.01339129514612487
1124;11767;0.010041764592432535
1125;12356;0.010544407521381525
1128;9392;0.008014978588605963
1129;1973;0.0016837258044420321
113;10678;0.009112429873204268
1131;9392;0.008014978588605963
1132;1658;0.001414909976566087
1133;9392;0.008014978588605963
1134;9392;0.008014978588605963
1135;9392;0.008014978588605963
1136;9392;0.008014978588605963
114;1457;0.001243379876873817
1141;2372;0.0020242258530848963
1142;3772;0.0032189628658668757
1143;2372;0.0020242258530848963
1144;3772;0.0032189628658668757
1151;23441;0.020004164511873125
1152;1347;0.0011495076830123757
1153;12693;0.010831997788029759
1154;28208;0.024072244040395766
1156;28208;0.024072244040395766
117;30073;0.025663804418137474
12;14991;0.012793073256153323
1200;9350;0.007979136478222505
1201;31562;0.026934492569589165
1202;17510;0.014942746495580327
1203;23037;0.01965939754532747
1204;17510;0.014942746495580327
1205;23037;0.01965939754532747
1206;25355;0.0216375406850622
1209;27545;0.023506450726485443
1210;11019;0.009403433674174736
1211;6526;0.005569181246725141
1212;11019;0.009403433674174736
1213;6526;0.005569181246725141
1214;11622;0.009918023973251545
1217;23117;0.019727668231772154
1218;5068;0.004324947986270765
1219;16563;0.014134592244791373
1251;8667;0.00739627549270101
1252;9527;0.00813018537198137
1253;8667;0.00739627549270101
1254;9527;0.00813018537198137
1261;24393;0.02081658568056487
1262;3588;0.003061940287044101
1263;5471;0.004668861569235863
1264;5471;0.004668861569235863
1266;5471;0.004668861569235863
13;14486;0.01236211454797125
1301;4599;0.003924711086988802
1302;5803;0.004952184917981304
1303;4599;0.003924711086988802
1304;5803;0.004952184917981304
1305;4599;0.003924711086988802
1306;5803;0.004952184917981304
1309;22181;0.018928901200369344
1310;19318;0.016485664009230197
1311;31931;0.02724939111081527
1312;29928;0.025540063798956483
1313;31931;0.02724939111081527
1314;34928;0.029806981701749266
1351;17871;0.015250817968161965
1352;13804;0.011780106946030315
1353;8667;0.00739627549270101
1354;9527;0.00813018537198137
14;839;0.000715988824088629
1400;7253;0.006189591109791211
1401;30339;0.02589080445056605
1402;20375;0.01738769045388059
1403;30339;0.02589080445056605
1404;20375;0.01738769045388059
1405;26251;0.02240217237324267
1406;16287;0.013899058376557211
1407;26251;0.02240217237324267
1408;15081;0.012869877778403592
1412;6353;0.00542154588728851
15;145007;0.12374659286605462
16;20016;0.01708132574846007
1609;0;0.0
1610;0;0.0
1611;0;0.0
1612;0;0.0
1619;0;0.0
1620;0;0.0
1622;0;0.0
17;10620;0.009062933625531872
18;99112;0.08458055343631966
19;37652;0.032131598575190774
2;0;0.0
20;108113;0.09226185904492723
2000;47982;0.04094705096236066
2001;25481;0.02174506701621258
2002;105048;0.08964623837051526
2003;57224;0.048834022013882844
2004;105048;0.08964623837051526
2005;57224;0.048834022013882844
2006;6997;0.00597112491316822
2008;55876;0.04768366094728991
2009;6000;0.00512030148335134
201;14400;0.012288723560043215
2010;6997;0.00597112491316822
2011;37477;0.031982256448593024
2013;1082;0.0009233610341643582
2014;2163;0.001845868684748158
2017;1082;0.0009233610341643582
2018;2163;0.001845868684748158
2019;2163;0.001845868684748158
2020;2163;0.001845868684748158
2021;37477;0.031982256448593024
2022;3243;0.002767522951751399
2025;12870;0.010983046681788624
2026;55876;0.04768366094728991
2028;25045;0.02137299177508905
2029;0;0.0
2030;25045;0.02137299177508905
2033;0;0.0
2034;0;0.0
2035;0;0.0
2036;0;0.0
2038;0;0.0
206;4297;0.0036669892456601175
21;113785;0.09710225071385536
2101;40649;0.03468918916612477
2102;1340;0.0011435339979484658
2103;25908;0.022109461805111086
2105;30660;0.026164740579925346
2106;55983;0.04777497299040968
2111;12790;0.010914775995343939
2112;8971;0.007655704101190811
2113;12790;0.010914775995343939
2114;12905;0.011012915107108173
2117;13175;0.011243328673858983
2118;2295;0.0019585153173818873
2119;3425;0.0029228387634130564
2120;13253;0.011309892593142551
2121;19936;0.017013055062015385
2122;13253;0.011309892593142551
2125;19936;0.017013055062015385
2126;13253;0.011309892593142551
2127;19936;0.017013055062015385
2128;9388;0.008011565054283729
2129;19936;0.017013055062015385
2130;13253;0.011309892593142551
2133;4571;0.0039008163467331622
22;107880;0.09206302067065708
2201;12790;0.010914775995343939
2202;8971;0.007655704101190811
2203;12790;0.010914775995343939
2204;8971;0.007655704101190811
2205;12790;0.010914775995343939
22310;0;0.0
22311;0;0.0
2301;25045;0.02137299177508905
2302;15081;0.012869877778403592
2303;25045;0.02137299177508905
2304;15081;0.012869877778403592
2450;33976;0.02899456053305752
2451;39252;0.033497012304084466
2452;33976;0.02899456053305752
2453;15238;0.013003859000551286
2454;10775;0.009195208080518448
2455;10775;0.009195208080518448
2456;15238;0.013003859000551286
2457;37689;0.03216317376767144
2459;8628;0.007362993533059226
2460;11777;0.010050298428238121
2461;8628;0.007362993533059226
2462;11777;0.010050298428238121
2463;8628;0.007362993533059226
2464;11777;0.010050298428238121
2467;8628;0.007362993533059226
2468;13988;0.01193712952485309
2469;8628;0.007362993533059226
2470;13988;0.01193712952485309
2472;8628;0.007362993533059226
2476;8628;0.007362993533059226
2477;8628;0.007362993533059226
2479;8628;0.007362993533059226
2482;12598;0.010750926347876695
2485;6456;0.005509444396086041
2486;12598;0.010750926347876695
2487;6456;0.005509444396086041
2488;12598;0.010750926347876695
2491;25831;0.022043751269408076
2492;16092;0.013732648578348293
2493;27978;0.023875965816867295
2494;19553;0.016686209150661456
2495;18450;0.01574492706130537
2496;9243;0.007887824435102738
2497;4910;0.004190113380542513
2498;4910;0.004190113380542513
25;94414;0.08057135737485556
26;13121;0.011197245960508822
27;119516;0.10199299201403646
28;19905;0.01698660017101807
29;27388;0.02337246950433775
3;22946;0.01958173963949664
30;19905;0.01698660017101807
3003;32800;0.027990981442320657
3004;44761;0.03819830244938155
3006;29327;0.02502718026704079
3007;89634;0.07649218385978566
301;184279;0.15726067284175024
3010;45749;0.03904144542697341
3012;45749;0.03904144542697341
3014;3793;0.003236883921058605
3015;33444;0.028540560468200367
3017;21802;0.01860546882333765
3018;39286;0.03352602734582345
3019;14700;0.012544738634210783
302;50263;0.04289361890961473
3020;41325;0.03526607646658235
3022;29853;0.02547606003041459
3025;31129;0.02656497747920731
3026;3679;0.00313959819287493
3027;31129;0.02656497747920731
303;92632;0.07905062783430021
304;50263;0.04289361890961473
305;106406;0.09080513327291377
3051;12598;0.010750926347876695
3052;1082;0.0009233610341643582
3053;6456;0.005509444396086041
3054;1082;0.0009233610341643582
3055;6456;0.005509444396086041
3056;31241;0.02666055644022987
3059;13545;0.01155908059866565
306;124299;0.10607472567984803
3074;18685;0.015945472202736632
3075;8035;0.006856937069788002
3076;3161;0.0026975454981455972
3101;21753;0.018563653027890283
3102;19853;0.016942224224829026
3103;21753;0.018563653027890283
3104;11397;0.00972601266762587
3105;21753;0.018563653027890283
3106;11397;0.00972601266762587
3107;37844;0.032295448222658014
3108;1082;0.0009233610341643582
3109;13402;0.011437046746645776
3110;11397;0.00972601266762587
3111;13402;0.011437046746645776
3112;7463;0.006368801661708508
3113;7450;0.006357707675161247
3114;1511;0.001289462590223979
3115;37844;0.032295448222658014
3116;1082;0.0009233610341643582
3118;1511;0.001289462590223979
3120;4869;0.004155124653739612
3122;4869;0.004155124653739612
3131;7268;0.006202391863499589
3132;2851;0.002432996588172445
3133;7268;0.006202391863499589
3134;2851;0.002432996588172445
3151;12790;0.010914775995343939
3152;8971;0.007655704101190811
3153;12790;0.010914775995343939
3154;8971;0.007655704101190811
3161;65160;0.05560647410919555
3162;7373;0.006291997139458238
3163;28705;0.024496375679933367
3164;7373;0.006291997139458238
3165;36671;0.03129442928266283
3201;8886;0.007583166496843334
3202;50781;0.04333567160434406
3203;8886;0.007583166496843334
3204;30067;0.02565868411665412
3205;32575;0.02779897013669498
3206;27334;0.023326386790987585
3208;6378;0.005442880476802474
3210;6378;0.005442880476802474
3212;6378;0.005442880476802474
3214;6378;0.005442880476802474
3216;6378;0.005442880476802474
33;22317;0.019044961367325308
3301;1744;0.0014883009644941227
3302;2783;0.002374966504694463
3303;1744;0.0014883009644941227
3304;10587;0.009034771967373439
3305;12173;0.01038823832613931
3307;3621;0.0030901019452025335
3308;18139;0.015479524767751659
3309;11052;0.009431595332333167
3310;12177;0.010391651860461544
3311;11052;0.009431595332333167
3312;1082;0.0009233610341643582
3313;8887;0.007584019880423893
3315;8887;0.007584019880423893
3319;5431;0.004634726226013521
3320;29978;0.02558273297798441
3321;5431;0.004634726226013521
3322;29978;0.02558273297798441
3323;0;0.0
3326;29978;0.02558273297798441
3327;14778;0.012611302553494349
3328;5431;0.004634726226013521
3329;14778;0.012611302553494349
333;9020;0.00769751989663818
3330;0;0.0
3331;16293;0.013904178678040563
3333;10089;0.008609786944255278
3334;10948;0.009342843439955078
3337;7268;0.006202391863499589
3338;7228;0.006168256520277247
3339;12551;0.010710817319590444
3340;5008;0.004273744971437251
3341;6620;0.005649399303297645
3342;0;0.0
3343;2376;0.0020276393874071306
3345;10459;0.008925538869061944
3347;2376;0.0020276393874071306
3349;14778;0.012611302553494349
335;9020;0.00769751989663818
3351;3621;0.0030901019452025335
3352;4720;0.0040279705002363875
3353;3621;0.0030901019452025335
3354;4720;0.0040279705002363875
3356;5802;0.004951331534400746
3362;1082;0.0009233610341643582
3370;5431;0.004634726226013521
3371;5431;0.004634726226013521
3372;5431;0.004634726226013521
339;9020;0.00769751989663818
34;19905;0.01698660017101807
35;35614;0.030392402838012436
3501;6019;0.005136515771381953
3502;8224;0.007018226566513569
3503;0;0.0
3504;8389;0.0071590348573057315
3505;0;0.0
3506;8389;0.0071590348573057315
3507;0;0.0
3508;0;0.0
3509;0;0.0
3510;0;0.0
352;75148;0.0641300693118144
353;11150;0.009515226923227905
354;5663;0.004832711216703106
3543;3489;0.002977455312568804
3544;1893;0.0016154551179973476
3545;9985;0.008521035051877188
3546;0;0.0
3547;3448;0.002942466585765903
3548;4446;0.003794143399163343
355;11150;0.009515226923227905
3553;8389;0.0071590348573057315
3554;8;6,83E+09
356;5663;0.004832711216703106
36;8171;0.006972997236743966
3601;0;0.0
3602;0;0.0
3603;0;0.0
3604;0;0.0
3605;0;0.0
3606;0;0.0
3609;0;0.0
3610;0;0.0
3611;0;0.0
3612;0;0.0
3613;0;0.0
3614;0;0.0
3615;0;0.0
3616;0;0.0
37;35614;0.030392402838012436
38;8171;0.006972997236743966
3999;10321;0.008807771934944864
4;0;0.0
4001;46865;0.03999382150287675
4002;132728;0.1132678958803761
4003;46865;0.03999382150287675
4004;141633;0.12086727666525005
4006;736;0.0006280903152910977
4007;57591;0.049147213787947834
4015;427;0.0003643947888985037
4016;0;0.0
4018;0;0.0
4022;0;0.0
4026;0;0.0
4029;0;0.0
4031;0;0.0
4033;0;0.0
4079;0;0.0
409;92357;0.07881594734964661
41;10488;0.008950286992898142
4103;28926;0.024684973451236807
4104;34925;0.029804421551007588
4105;26761;0.022837397999327533
4106;34925;0.029804421551007588
4109;1082;0.0009233610341643582
4111;1082;0.0009233610341643582
4160;0;0.0
4162;0;0.0
4164;0;0.0
42;8171;0.006972997236743966
4202;23793;0.020304555532229738
4204;0;0.0
4205;9351;0.007979989861803063
4206;16902;0.014423889278600725
4209;9351;0.007979989861803063
4210;16902;0.014423889278600725
43;10488;0.008950286992898142
4301;17505;0.014938479577677534
4302;26341;0.022478976895492938
4303;17505;0.014938479577677534
4304;26341;0.022478976895492938
4305;27739;0.023672007141113803
4306;26614;0.022711950612985424
4308;26614;0.022711950612985424
4309;14778;0.012611302553494349
4311;15242;0.013007272534873519
4313;15242;0.013007272534873519
4315;14778;0.012611302553494349
4316;0;0.0
4317;14778;0.012611302553494349
4318;29978;0.02558273297798441
4319;14778;0.012611302553494349
4320;23464;0.020023792334225972
4322;29978;0.02558273297798441
4399;35050;0.029911094498577408
44;8171;0.006972997236743966
4401;14761;0.012596795032624853
4403;19206;0.016390085048207638
4404;0;0.0
4405;33317;0.02843218075346943
4406;9820;0.008380226761085026
4409;53699;0.04582584489241393
4410;10068;0.008591865889063547
4413;46464;0.039651614687072775
4414;12642;0.010788475225421272
4418;12575;0.010731298525523849
4419;12575;0.010731298525523849
4420;12575;0.010731298525523849
4421;61;5,21E+11
4422;459;0.0003917030634763775
4425;2618;0.0022341582139023012
4426;45340;0.03869241154252496
4427;2618;0.0022341582139023012
4428;45340;0.03869241154252496
4429;4011;0.0034229215416203707
4430;46823;0.0399579793924933
4433;39383;0.03360880555313763
4434;48283;0.04120391942010879
4451;7296;0.006226286603755229
4452;67344;0.057470263849135436
4453;7296;0.006226286603755229
4454;67344;0.057470263849135436
4455;3595;0.003067913972108011
4456;21041;0.017956043918532588
4459;21041;0.017956043918532588
4460;21041;0.017956043918532588
4461;21041;0.017956043918532588
4463;21041;0.017956043918532588
4464;21041;0.017956043918532588
4467;0;0.0
4468;21041;0.017956043918532588
4469;21041;0.017956043918532588
4470;21041;0.017956043918532588
4471;21041;0.017956043918532588
4472;21041;0.017956043918532588
4475;21041;0.017956043918532588
4476;21041;0.017956043918532588
4477;21041;0.017956043918532588
4478;21041;0.017956043918532588
4480;21041;0.017956043918532588
449;881;0.0007518309344720883
45;10488;0.008950286992898142
451;769;0.00065625197344953
452;124158;0.10595439859498927
453;101094;0.08627195969298672
455;56726;0.04840903699076468
459;56734;0.04841586405940915
46;31575;0.026945586556136426
461;0;0.0
462;90444;0.0771834245600381
463;3633;0.003100342548169236
465;14105;0.012036975403778441
466;42870;0.03658455409854532
467;2529;0.00215820707523259
469;83678;0.0714094312539789
47;10488;0.008950286992898142
470;227045;0.1937564750479175
472;0;0.0
473;181081;0.154531552151124
474;7537;0.006431952046669841
475;2529;0.00215820707523259
476;11150;0.009515226923227905
49;10488;0.008950286992898142
5;8813;0.007520869495462559
50;26145;0.02231171371370346
500;58574;0.049986089847636896
500001;18455;0.01574919397920816
500003;18455;0.01574919397920816
500005;18455;0.01574919397920816
500007;18455;0.01574919397920816
500009;18455;0.01574919397920816
500010;6477;0.0055273654512777715
500011;6477;0.0055273654512777715
500012;6477;0.0055273654512777715
500013;6477;0.0055273654512777715
500014;6477;0.0055273654512777715
500016;6477;0.0055273654512777715
500017;6477;0.0055273654512777715
500020;18455;0.01574919397920816
500022;18455;0.01574919397920816
500024;18455;0.01574919397920816
500026;18455;0.01574919397920816
500028;18455;0.01574919397920816
500030;21455;0.018309344720883833
500032;21455;0.018309344720883833
500034;21455;0.018309344720883833
5001;20770;0.01772477696820122
5002;6256;0.00533876767997433
5003;11633;0.00992741119263769
5004;6256;0.00533876767997433
5005;24916;0.021262905293196997
5006;20087;0.017141915982679726
5009;24916;0.021262905293196997
5010;20087;0.017141915982679726
5011;10214;0.008716459891825097
5012;33242;0.028368176984927537
5013;25518;0.02177664220869325
5014;3331;0.002842620706840552
5017;16243;0.013861509499012634
5018;8106;0.00691752730400766
5019;16243;0.013861509499012634
5020;8106;0.00691752730400766
5021;42844;0.0365623661254508
5022;42431;0.03620991870668012
5025;0;0.0
5026;1072;0.0009148271983587727
5027;8628;0.007362993533059226
5028;8628;0.007362993533059226
5029;0;0.0
5030;0;0.0
5032;0;0.0
5033;8628;0.007362993533059226
5034;8628;0.007362993533059226
5035;0;0.0
5038;8628;0.007362993533059226
51;12104;0.010329354859080769
5101;3012;0.0025703913446423724
5102;582;0.0004966692438850799
5103;16892;0.014415355442795139
5104;15623;0.01333241167906633
5105;11454;0.009774655531717708
5109;11454;0.009774655531717708
5110;11475;0.009792576586909437
5111;11454;0.009774655531717708
5112;11475;0.009792576586909437
5113;10848;0.009257505081899223
5114;11475;0.009792576586909437
5117;10848;0.009257505081899223
5118;10848;0.009257505081899223
5120;10848;0.009257505081899223
5122;10848;0.009257505081899223
52;158517;0.1352758050394007
5201;10641;0.0090808546807236
5202;3243;0.002767522951751399
5203;19778;0.016878220456287132
5204;3243;0.002767522951751399
5205;7288;0.0062194595351107605
5206;3243;0.002767522951751399
5207;20716;0.01767869425485106
5208;17867;0.01524740443383973
5213;8226;0.007019933333674687
5255;12128;0.010349836065014174
5256;1145;0.0009771241997395474
5257;5196;0.00443418108458226
5259;8991;0.007672771772801982
5260;8991;0.007672771772801982
527;131685;0.11237781680585353
53;12104;0.010329354859080769
5301;4961;0.0042336359431509995
5302;3692;0.003150692179422191
5304;3692;0.003150692179422191
5305;4961;0.0042336359431509995
5306;3692;0.003150692179422191
5307;4961;0.0042336359431509995
54;246;0.00020993236081740492
5401;34339;0.029304338772800274
5402;33926;0.02895189135402959
5403;34339;0.029304338772800274
5404;33926;0.02895189135402959
5406;33926;0.02895189135402959
5410;6196;0.005287564665140816
5412;8991;0.007672771772801982
5501;0;0.0
5502;0;0.0
5503;0;0.0
5504;0;0.0
57;22392;0.019108965135867198
5701;19323;0.01648993092713299
5702;19323;0.01648993092713299
5703;19323;0.01648993092713299
5704;19323;0.01648993092713299
5705;19323;0.01648993092713299
5706;19323;0.01648993092713299
5709;19323;0.01648993092713299
5710;19323;0.01648993092713299
5713;19323;0.01648993092713299
5714;19323;0.01648993092713299
5750;7553;0.006445606183958778
5751;7553;0.006445606183958778
5754;7553;0.006445606183958778
5755;7553;0.006445606183958778
5758;7553;0.006445606183958778
5759;7553;0.006445606183958778
5762;7553;0.006445606183958778
5766;7553;0.006445606183958778
59;2084;0.001778451381884032
598;705;0.0006016354242937824
6;0;0.0
6001;83219;0.07101772819050252
6002;139755;0.11926462230096108
6003;78540;0.06702474641706904
6004;139755;0.11926462230096108
6005;76814;0.06555180635702497
6006;121941;0.10406244719689095
6008;8168;0.006970437086002291
6009;9960;0.008499700462363223
601;3245;0.002769229718912516
6010;4257;0.0036328539024377757
6012;91773;0.07831757133860041
6016;15971;0.013629389165100708
6017;9696;0.008274407197095764
6018;101440;0.08656723041185999
602;2163;0.001845868684748158
6020;71210;0.06076944477157482
6022;0;0.0
6023;7740;0.006605188913523228
6024;1494;0.0012749550693544837
6026;71210;0.06076944477157482
6027;396;0.0003379398979011884
6028;15971;0.013629389165100708
6029;24666;0.021049559398057357
6030;20387;0.017397931056847293
6033;24666;0.021049559398057357
6035;0;0.0
6037;24666;0.021049559398057357
6039;7740;0.006605188913523228
604;43637;0.03723909930483373
6040;0;0.0
6043;23350;0.019926506606042296
6045;7740;0.006605188913523228
6049;0;0.0
605;129;0.0001100864818920538
6050;7167;0.006116200121863175
6054;233;0.0001988383742701437
6057;0;0.0
6058;15136;0.012916813875334313
6059;10652;0.009090241900109744
6060;66903;0.057093921690109115
6062;0;0.0
607;26362;0.022496897950684668
6082;18751;0.016001795519053494
609;34898;0.029781380194332508
61;25559;0.021811630935496148
611;13045;0.011132388808386372
614;37167;0.031717707538619876
615;0;0.0
616;7383;0.006300530975263823
617;0;0.0
620;7383;0.006300530975263823
62001;0;0.0
62002;0;0.0
6202;21057;0.017969698055821527
6203;7288;0.0062194595351107605
6204;21057;0.017969698055821527
6205;7288;0.0062194595351107605
6206;18942;0.01616479178294018
6208;3243;0.002767522951751399
6209;17276;0.014743054737729624
621;3098;0.002643782332570408
6210;18942;0.01616479178294018
6211;17276;0.014743054737729624
6212;6843;0.005839703841762203
6214;2293;0.0019568085502207704
6215;0;0.0
6216;9269;0.007910012408197262
6217;47436;0.04048110352737569
6218;6843;0.005839703841762203
6219;47436;0.04048110352737569
622;2226;0.001899631850323347
6220;1659;0.0014157633601466454
6221;17414;0.014860821671846705
6222;1659;0.0014157633601466454
6223;73952;0.06310942254946637
6224;17414;0.014860821671846705
6225;73952;0.06310942254946637
6226;8799;0.0075089221253347395
6227;7553;0.006445606183958778
6228;8799;0.0075089221253347395
6230;8799;0.0075089221253347395
6231;7553;0.006445606183958778
6233;7553;0.006445606183958778
6234;7553;0.006445606183958778
6235;7553;0.006445606183958778
6236;7553;0.006445606183958778
6238;7553;0.006445606183958778
6239;8778;0.00749100107014301
6241;0;0.0
6242;7532;0.006427685128767048
6243;0;0.0
6244;0;0.0
6246;0;0.0
6247;0;0.0
6272;72689;0.06203159908722092
6274;72569;0.06192919305755389
6275;23187;0.019787405082411252
6285;67986;0.05801813610785403
6286;19834;0.016926009936798412
6451;18922;0.016147724111329007
6452;40950;0.03494605762387289
6453;18922;0.016147724111329007
6454;40950;0.03494605762387289
6455;18132;0.015473551082687748
6456;4101;0.0034997260638706404
6459;18132;0.015473551082687748
6460;66676;0.05690020361732232
6461;6903;0.005890906856595717
6462;71860;0.061324144098937876
6463;6903;0.005890906856595717
6464;13631;0.011632471586593685
6468;13631;0.011632471586593685
6469;6903;0.005890906856595717
6470;5472;0.004669714952816421
6471;6903;0.005890906856595717
6472;5472;0.004669714952816421
6477;5472;0.004669714952816421
6478;5472;0.004669714952816421
65;0;0.0
6501;0;0.0
6502;0;0.0
6503;0;0.0
6504;0;0.0
6505;0;0.0
6506;0;0.0
6509;0;0.0
6510;0;0.0
6657;15057;0.012849396572470187
6661;15057;0.012849396572470187
6665;15057;0.012849396572470187
6667;15057;0.012849396572470187
6669;15057;0.012849396572470187
6671;15057;0.012849396572470187
6673;15057;0.012849396572470187
6677;15057;0.012849396572470187
6681;15057;0.012849396572470187
6685;15057;0.012849396572470187
6689;15057;0.012849396572470187
6691;15057;0.012849396572470187
6693;15057;0.012849396572470187
6695;15057;0.012849396572470187
67;95462;0.08146570336728093
7;12537;0.010698869949462625
7001;53630;0.04576696142535539
7002;71183;0.06074640341489974
7003;42559;0.03631915180499161
7004;62946;0.053717082861838905
7005;42559;0.03631915180499161
7006;62946;0.053717082861838905
7007;42559;0.03631915180499161
7009;9132;0.007793098857660739
701;102642;0.08759299747569137
7010;62946;0.053717082861838905
7011;9132;0.007793098857660739
7012;43911;0.03747292640590678
7013;6132;0.005232948115985069
7014;49057;0.04186443831146111
7015;6132;0.005232948115985069
7017;6132;0.005232948115985069
7018;26519;0.022630879172832363
7019;9855;0.008410095186404575
702;35321;0.030142361448908778
7020;26519;0.022630879172832363
7021;15976;0.0136336560830035
7022;26519;0.022630879172832363
7025;15976;0.0136336560830035
7027;0;0.0
7028;34346;0.029310312457864186
703;13755;0.011738291150582947
7030;34346;0.029310312457864186
7034;0;0.0
704;80345;0.06856510377997722
705;100872;0.08608250853810272
7051;15976;0.0136336560830035
7052;34346;0.029310312457864186
7053;16589;0.014156780217885896
7054;34346;0.029310312457864186
7055;3443;0.0029381996678631106
7056;3443;0.0029381996678631106
706;44411;0.037899618196186056
7060;3443;0.0029381996678631106
707;9309;0.007944147751419604
709;100872;0.08608250853810272
710;44411;0.037899618196186056
7101;90852;0.07753160506090598
7102;16737;0.014283080987808562
7103;90852;0.07753160506090598
7104;16737;0.014283080987808562
7105;90852;0.07753160506090598
7106;16737;0.014283080987808562
7109;90852;0.07753160506090598
711;6349;0.005418132352966276
7110;16737;0.014283080987808562
7111;90852;0.07753160506090598
7112;16737;0.014283080987808562
7113;90852;0.07753160506090598
7114;16737;0.014283080987808562
7117;90852;0.07753160506090598
7118;16737;0.014283080987808562
7119;90852;0.07753160506090598
7120;16737;0.014283080987808562
7123;877;0.0007484174001498541
7124;6744;0.005755218867286906
7125;82771;0.07063541234641228
7126;10673;0.009108162955301475
7127;82771;0.07063541234641228
7128;10673;0.009108162955301475
7129;47213;0.040290798988911136
7130;5686;0.004852339039055953
7131;7076;0.006038542216032347
7133;47213;0.040290798988911136
7134;22115;0.01887257788405248
7135;8763;0.007478200316434632
7136;8475;0.007232425845233767
7140;8475;0.007232425845233767
7143;5472;0.004669714952816421
7144;16749;0.014293321590775265
7145;5472;0.004669714952816421
7146;8970;0.007654850717610253
7150;6696;0.005714256455420095
7151;45967;0.03922748304753517
7152;15216;0.012985084561778997
7153;62216;0.05309411284803116
7161;29208;0.02492562762095432
7162;12557;0.010715937621073795
7163;35017;0.029882932840418975
7164;0;0.0
7171;9988;0.008523595202618863
7172;7154;0.006105106135315914
7201;9988;0.008523595202618863
7203;9988;0.008523595202618863
7204;7154;0.006105106135315914
7205;9988;0.008523595202618863
7206;7154;0.006105106135315914
7209;9988;0.008523595202618863
7210;7154;0.006105106135315914
7211;9988;0.008523595202618863
7212;7154;0.006105106135315914
7213;9988;0.008523595202618863
7214;7154;0.006105106135315914
7231;37490;0.03199335043514029
7232;17952;0.015319942038187208
7233;17952;0.015319942038187208
7234;17952;0.015319942038187208
7236;17952;0.015319942038187208
7301;9988;0.008523595202618863
7302;7154;0.006105106135315914
750;52360;0.04468316427804602
753;125207;0.10684959797099519
754;76075;0.06492115589099219
755;21107;0.018012367234849454
756;28495;0.02431716512801607
758;101348;0.0864887191224486
759;21107;0.018012367234849454
760;28495;0.02431716512801607
761;21107;0.018012367234849454
799;2163;0.001845868684748158
8;4545;0.00387862837363864
800;2008;0.0017135942297615816
8001;30558;0.026077695454708373
8002;29440;0.025123612611643906
8003;30558;0.026077695454708373
8004;29440;0.025123612611643906
8005;14020;0.011964437799430964
8006;5384;0.004594617197727269
8007;30558;0.026077695454708373
8008;7553;0.006445606183958778
8009;14020;0.011964437799430964
801;0;0.0
8010;5384;0.004594617197727269
8011;15455;0.013189043237532493
8012;5384;0.004594617197727269
8013;1706;0.0014558723884328976
8014;29440;0.025123612611643906
8015;7553;0.006445606183958778
8016;7553;0.006445606183958778
8017;12666;0.010808956431354677
8018;14337;0.012234960394468026
8019;12666;0.010808956431354677
802;4310;0.003678083232207379
8020;14337;0.012234960394468026
8021;1706;0.0014558723884328976
8022;12666;0.010808956431354677
8023;7553;0.006445606183958778
8024;5384;0.004594617197727269
8026;12666;0.010808956431354677
8028;588;0.0005017895453684313
803;55684;0.04751981129982267
8030;7553;0.006445606183958778
8032;7553;0.006445606183958778
8034;7553;0.006445606183958778
8036;7553;0.006445606183958778
804;41174;0.03513721554591801
805;31534;0.026910597829333523
806;41174;0.03513721554591801
807;10604;0.009049279488242934
809;17370;0.014823272794302128
8101;47922;0.04089584794752715
8102;49040;0.041849930790591613
8103;50711;0.04327593475370496
8104;50711;0.04327593475370496
8105;50711;0.04327593475370496
8106;50711;0.04327593475370496
8109;50711;0.04327593475370496
811;10551;0.009004050158473331
8110;50711;0.04327593475370496
8111;50711;0.04327593475370496
8112;50711;0.04327593475370496
8113;17954;0.015321648805348325
8114;17954;0.015321648805348325
8117;17954;0.015321648805348325
8118;17954;0.015321648805348325
8120;17954;0.015321648805348325
8144;7680;0.006553985898689715
8145;7680;0.006553985898689715
8146;7680;0.006553985898689715
8148;7680;0.006553985898689715
8151;31674;0.02703007153061172
8152;31674;0.02703007153061172
8153;31674;0.02703007153061172
8154;6504;0.005550406807952852
8155;6504;0.005550406807952852
8156;31674;0.02703007153061172
8157;24483;0.02089339020281514
8158;24483;0.02089339020281514
8159;24483;0.02089339020281514
8160;24483;0.02089339020281514
8161;17192;0.014671370516962705
8162;17192;0.014671370516962705
8163;17192;0.014671370516962705
8164;17192;0.014671370516962705
8165;6504;0.005550406807952852
8167;17192;0.014671370516962705
8168;17192;0.014671370516962705
8169;17192;0.014671370516962705
8170;17192;0.014671370516962705
8171;17192;0.014671370516962705
8172;17192;0.014671370516962705
8173;17192;0.014671370516962705
8174;6514;0.005558940643758438
8175;17192;0.014671370516962705
8176;17192;0.014671370516962705
8177;17192;0.014671370516962705
8178;17192;0.014671370516962705
8179;17192;0.014671370516962705
8180;17192;0.014671370516962705
8181;24483;0.02089339020281514
8182;24483;0.02089339020281514
851;30422;0.02596163528775241
855;54577;0.04657511567614434
856;55695;0.04752919851920881
897;40672;0.034708816988477616
9;42407;0.03618943750074671
9000;289;0.00024662785478142286
900002;49483;0.04222797971677906
9001;142261;0.12140320155384082
9002;148875;0.12704748055565512
9003;16304;0.013913565897426707
9004;29505;0.025179082544380213
9005;4629;0.003950312594405559
9006;29505;0.025179082544380213
9009;81562;0.069603671597517
9010;116639;0.09953780745276948
9011;52955;0.04519092750847836
9012;60947;0.05201116908430235
9013;58280;0.04973519507495268
9014;40427;0.03449973801124077
9017;66633;0.0568635081233583
9018;47987;0.04095131788026345
9019;21907;0.0186950740992963
902;82536;0.07043486720498103
9020;49644;0.042365374473248986
9021;22097;0.018857216979602427
9022;11921;0.010173185663838553
9025;24839;0.021197194757493987
9026;11847;0.01011003527887722
9027;11847;0.01011003527887722
9028;0;0.0
9029;11847;0.01011003527887722
903;53679;0.04580877722080276
9030;11847;0.01011003527887722
9035;11847;0.01011003527887722
9036;11847;0.01011003527887722
9037;11847;0.01011003527887722
904;29184;0.024905146415020916
9040;0;0.0
9042;11909;0.01016294506087185
905;53679;0.04580877722080276
906;96052;0.08196919967981048
909;4599;0.003924711086988802
910;18389;0.0156928706628913
9100;11847;0.01011003527887722
9101;20271;0.0172989385615025
9102;6477;0.0055273654512777715
9103;20271;0.0172989385615025
9104;6477;0.0055273654512777715
9105;20271;0.0172989385615025
9106;6477;0.0055273654512777715
9109;7270;0.006204098630660707
911;47997;0.04095985171606904
9110;6477;0.0055273654512777715
9111;7270;0.006204098630660707
9112;6477;0.0055273654512777715
9113;7270;0.006204098630660707
9114;6477;0.0055273654512777715
9117;7270;0.006204098630660707
9119;7270;0.006204098630660707
912;76580;0.06535211459917427
9120;6477;0.0055273654512777715
9201;26587;0.022688909256310345
9202;3917;0.0033427034850478663
9203;30628;0.02613743230534747
9204;27866;0.02378038685584474
9205;35119;0.029969977965635948
9206;63450;0.05414718818644042
9209;21663;0.018486848505640013
9210;48400;0.04130376529903414
9211;12495;0.010663027839079164
9212;48400;0.04130376529903414
9213;17544;0.014971761537319318
9214;8967;0.007652290566868577
9215;11518;0.009829272080873456
9216;11518;0.009829272080873456
9217;11518;0.009829272080873456
9218;9119;0.007782004871113478
9219;11518;0.009829272080873456
9220;11518;0.009829272080873456
9221;9353;0.00798169662896418
9222;1082;0.0009233610341643582
9225;9353;0.00798169662896418
9226;1082;0.0009233610341643582
9261;21663;0.018486848505640013
9262;43545;0.037160588015422345
9263;18086;0.015434295437982054
9264;41776;0.03565095246141426
9265;19711;0.01682104375638971
9266;7491;0.0063926964019641475
9269;35312;0.03013468099668375
9270;4329;0.0036942975202379916
9271;4329;0.0036942975202379916
9272;4329;0.0036942975202379916
9273;4329;0.0036942975202379916
9274;4329;0.0036942975202379916
9301;19427;0.016578682819511078
9302;32428;0.027673522750352873
9303;19427;0.016578682819511078
9304;32428;0.027673522750352873
9305;19427;0.016578682819511078
9306;40781;0.0348018357987585
9309;19427;0.016578682819511078
9310;19427;0.016578682819511078
9311;19427;0.016578682819511078
9312;19427;0.016578682819511078
9313;19427;0.016578682819511078
9314;19427;0.016578682819511078
9318;19427;0.016578682819511078
9320;19427;0.016578682819511078
9322;6477;0.0055273654512777715
9323;6477;0.0055273654512777715
9324;6477;0.0055273654512777715
9325;6477;0.0055273654512777715
9326;6477;0.0055273654512777715
9328;6477;0.0055273654512777715
9330;6477;0.0055273654512777715
9350;17680;0.01508782170427528
9352;2163;0.001845868684748158
9354;2163;0.001845868684748158
9358;2163;0.001845868684748158
9360;26654;0.02274608595620777
9401;48546;0.04142835930179569
9403;48546;0.04142835930179569
9405;14261;0.012170103242345576
9450;24924;0.021269732361841466
9451;4391;0.003747207302232622
9452;32023;0.02732790240022666
9453;28629;0.024431518527810916
9454;4443;0.003791583248421667
9455;7273;0.006206658781402382
9458;4443;0.003791583248421667
9459;7273;0.006206658781402382
9460;415;0.000354154185931801
9461;10889;0.009292493808702123
9462;11478;0.009795136737651113
9463;10889;0.009292493808702123
9464;2945;0.002513214644744949
9466;7553;0.006445606183958778
9467;7553;0.006445606183958778
9468;7553;0.006445606183958778
9469;7553;0.006445606183958778
9470;7553;0.006445606183958778
9471;7553;0.006445606183958778
9499;0;0.0
9500;11847;0.01011003527887722
9501;0;0.0
9502;11847;0.01011003527887722
951;3243;0.002767522951751399
951002;0;0.0
952;3243;0.002767522951751399
953;3243;0.002767522951751399
954;3243;0.002767522951751399
99010;4063;0.0034672974878094155
99013;18455;0.01574919397920816
