Node;Degree;C_i;R_i
1;2;0.0;0.0
10;10;0.022222;0.2
100;2;0.0;0.0
1002;4;0.0;0.0
1003;3;0.0;0.0
1004;2;0.0;0.0
1005;3;0.0;0.0
1006;3;0.0;0.0
1008;4;0.0;0.0
1009;4;0.166667;0.5
1010;3;0.0;0.0
1011;2;0.0;0.0
1012;6;0.133333;0.666667
1013;6;0.133333;0.666667
1018;2;1.0;1.0
1019;2;1.0;1.0
1020;4;0.333333;1.0
1021;6;0.133333;0.666667
1022;3;0.0;0.0
1025;4;0.0;0.0
1026;3;0.0;0.0
1027;5;0.1;0.4
1028;5;0.1;0.4
1031;2;0.0;0.0
1033;2;0.0;0.0
1034;2;0.0;0.0
1035;1;0.0;0.0
1036;1;0.0;0.0
105;3;0.0;0.0
108;2;0.0;0.0
109;5;0.0;0.0
11;9;0.027778;0.222222
1101;3;0.0;0.0
1102;3;0.0;0.0
1103;3;0.0;0.0
1104;2;0.0;0.0
1105;3;0.0;0.0
1106;3;0.0;0.0
1109;2;0.0;0.0
111;3;0.0;0.0
1110;3;0.0;0.0
1111;2;0.0;0.0
1112;2;0.0;0.0
1114;2;0.0;0.0
1117;2;0.0;0.0
1118;6;0.0;0.0
1119;7;0.0;0.0
112;2;0.0;0.0
1120;2;0.0;0.0
1121;2;0.0;0.0
1122;4;0.0;0.0
1124;3;0.0;0.0
1125;3;0.0;0.0
1128;2;0.0;0.0
1129;2;0.0;0.0
113;3;0.0;0.0
1131;3;0.0;0.0
1132;2;0.0;0.0
1133;2;0.0;0.0
1134;2;0.0;0.0
1135;2;0.0;0.0
1136;2;0.0;0.0
114;2;0.0;0.0
1141;2;0.0;0.0
1142;2;0.0;0.0
1143;2;0.0;0.0
1144;2;0.0;0.0
1151;3;0.0;0.0
1152;2;0.0;0.0
1153;2;0.0;0.0
1154;2;0.0;0.0
1156;3;0.0;0.0
117;4;0.0;0.0
12;3;0.0;0.0
1200;2;1.0;1.0
1201;6;0.066667;0.333333
1202;3;0.0;0.0
1203;3;0.0;0.0
1204;2;0.0;0.0
1205;2;0.0;0.0
1206;5;0.0;0.0
1209;4;0.0;0.0
1210;2;0.0;0.0
1211;2;0.0;0.0
1212;2;0.0;0.0
1213;2;0.0;0.0
1214;4;0.0;0.0
1217;5;0.0;0.0
1218;2;0.0;0.0
1219;2;0.0;0.0
1251;2;0.0;0.0
1252;2;0.0;0.0
1253;2;0.0;0.0
1254;2;0.0;0.0
1261;4;0.0;0.0
1262;2;0.0;0.0
1263;2;0.0;0.0
1264;2;0.0;0.0
1266;2;0.0;0.0
13;3;0.0;0.0
1301;2;0.0;0.0
1302;3;0.0;0.0
1303;2;0.0;0.0
1304;2;0.0;0.0
1305;2;0.0;0.0
1306;2;0.0;0.0
1309;3;0.0;0.0
1310;3;0.0;0.0
1311;3;0.0;0.0
1312;3;0.0;0.0
1313;3;0.0;0.0
1314;4;0.166667;0.5
1351;3;0.0;0.0
1352;3;0.0;0.0
1353;2;0.0;0.0
1354;2;0.0;0.0
14;2;0.0;0.0
1400;3;0.333333;0.666667
1401;3;0.0;0.0
1402;3;0.0;0.0
1403;3;0.0;0.0
1404;3;0.333333;0.666667
1405;3;0.333333;0.666667
1406;5;0.2;0.8
1407;3;0.333333;0.666667
1408;2;0.0;0.0
1412;5;0.1;0.4
15;8;0.0;0.0
16;6;0.0;0.0
1609;1;0.0;0.0
1610;1;0.0;0.0
1611;2;0.0;0.0
1612;2;0.0;0.0
1619;2;0.0;0.0
1620;2;0.0;0.0
1622;2;0.0;0.0
17;2;0.0;0.0
18;5;0.0;0.0
19;5;0.1;0.4
2;3;0.0;0.0
20;4;0.0;0.0
2000;3;0.0;0.0
2001;2;0.0;0.0
2002;3;0.333333;0.666667
2003;3;0.333333;0.666667
2004;7;0.095238;0.571429
2005;6;0.266667;1.333.333
2006;3;0.0;0.0
2008;6;0.133333;0.666667
2009;3;0.333333;0.666667
201;4;0.0;0.0
2010;2;0.0;0.0
2011;6;0.2;1.0
2013;2;0.0;0.0
2014;2;0.0;0.0
2017;2;0.0;0.0
2018;2;0.0;0.0
2019;3;0.333333;0.666667
2020;2;0.0;0.0
2021;7;0.095238;0.571429
2022;3;0.333333;0.666667
2025;5;0.2;0.8
2026;8;0.107143;0.75
2028;3;0.333333;0.666667
2029;2;1.0;1.0
2030;5;0.3;1.2
2033;4;0.333333;1.0
2034;2;1.0;1.0
2035;1;0.0;0.0
2036;4;0.333333;1.0
2038;1;0.0;0.0
206;2;0.0;0.0
21;5;0.1;0.4
2101;4;0.166667;0.5
2102;2;0.0;0.0
2103;4;0.166667;0.5
2105;5;0.3;1.2
2106;7;0.142857;0.857143
2111;2;0.0;0.0
2112;2;0.0;0.0
2113;2;0.0;0.0
2114;4;0.0;0.0
2117;4;0.0;0.0
2118;2;0.0;0.0
2119;2;0.0;0.0
2120;2;0.0;0.0
2121;2;0.0;0.0
2122;2;0.0;0.0
2125;2;0.0;0.0
2126;3;0.0;0.0
2127;2;0.0;0.0
2128;3;0.0;0.0
2129;3;0.0;0.0
2130;2;0.0;0.0
2133;3;0.0;0.0
22;5;0.0;0.0
2201;2;0.0;0.0
2202;2;0.0;0.0
2203;2;0.0;0.0
2204;2;0.0;0.0
2205;2;0.0;0.0
22310;1;0.0;0.0
22311;1;0.0;0.0
2301;2;0.0;0.0
2302;2;0.0;0.0
2303;2;0.0;0.0
2304;3;0.0;0.0
2450;4;0.0;0.0
2451;4;0.0;0.0
2452;3;0.0;0.0
2453;3;0.0;0.0
2454;2;0.0;0.0
2455;3;0.0;0.0
2456;3;0.0;0.0
2457;4;0.0;0.0
2459;2;0.0;0.0
2460;2;0.0;0.0
2461;2;0.0;0.0
2462;2;0.0;0.0
2463;2;0.0;0.0
2464;2;0.0;0.0
2467;2;0.0;0.0
2468;3;0.0;0.0
2469;2;0.0;0.0
2470;3;0.0;0.0
2472;2;0.0;0.0
2476;2;0.0;0.0
2477;2;0.0;0.0
2479;2;0.0;0.0
2482;3;0.0;0.0
2485;2;0.0;0.0
2486;2;0.0;0.0
2487;2;0.0;0.0
2488;2;0.0;0.0
2491;2;0.0;0.0
2492;2;0.0;0.0
2493;5;0.0;0.0
2494;4;0.0;0.0
2495;3;0.0;0.0
2496;2;0.0;0.0
2497;3;0.0;0.0
2498;3;0.0;0.0
25;3;0.333333;0.666667
26;2;0.0;0.0
27;7;0.047619;0.285714
28;3;0.0;0.0
29;3;0.0;0.0
3;8;0.0;0.0
30;2;0.0;0.0
3003;4;0.0;0.0
3004;5;0.0;0.0
3006;2;0.0;0.0
3007;6;0.0;0.0
301;8;0.071429;0.5
3010;3;0.0;0.0
3012;5;0.1;0.4
3014;4;0.166667;0.5
3015;6;0.066667;0.333333
3017;3;0.0;0.0
3018;4;0.166667;0.5
3019;2;0.0;0.0
302;6;0.333333;1.666.667
3020;5;0.0;0.0
3022;3;0.0;0.0
3025;3;0.0;0.0
3026;4;0.0;0.0
3027;4;0.0;0.0
303;3;0.333333;0.666667
304;2;1.0;1.0
305;8;0.071429;0.5
3051;3;0.0;0.0
3052;2;0.0;0.0
3053;2;0.0;0.0
3054;2;0.0;0.0
3055;2;0.0;0.0
3056;4;0.0;0.0
3059;4;0.0;0.0
306;6;0.133333;0.666667
3074;4;0.0;0.0
3075;5;0.1;0.4
3076;4;0.333333;1.0
3101;3;0.0;0.0
3102;3;0.0;0.0
3103;2;0.0;0.0
3104;2;0.0;0.0
3105;4;0.0;0.0
3106;2;0.0;0.0
3107;3;0.0;0.0
3108;2;0.0;0.0
3109;3;0.0;0.0
3110;3;0.0;0.0
3111;3;0.0;0.0
3112;3;0.0;0.0
3113;3;0.0;0.0
3114;2;0.0;0.0
3115;4;0.166667;0.5
3116;2;0.0;0.0
3118;2;0.0;0.0
3120;2;0.0;0.0
3122;2;0.0;0.0
3131;2;0.0;0.0
3132;2;0.0;0.0
3133;3;0.0;0.0
3134;2;0.0;0.0
3151;2;0.0;0.0
3152;2;0.0;0.0
3153;2;0.0;0.0
3154;2;0.0;0.0
3161;4;0.0;0.0
3162;2;0.0;0.0
3163;2;0.0;0.0
3164;3;0.0;0.0
3165;5;0.0;0.0
3201;3;0.0;0.0
3202;5;0.0;0.0
3203;2;0.0;0.0
3204;4;0.0;0.0
3205;5;0.0;0.0
3206;3;0.0;0.0
3208;2;0.0;0.0
3210;2;0.0;0.0
3212;2;0.0;0.0
3214;2;0.0;0.0
3216;2;0.0;0.0
33;2;0.0;0.0
3301;2;0.0;0.0
3302;2;0.0;0.0
3303;2;0.0;0.0
3304;4;0.0;0.0
3305;4;0.0;0.0
3307;2;0.0;0.0
3308;5;0.0;0.0
3309;3;0.0;0.0
3310;4;0.0;0.0
3311;3;0.0;0.0
3312;2;0.0;0.0
3313;2;0.0;0.0
3315;3;0.0;0.0
3319;4;0.0;0.0
3320;2;0.0;0.0
3321;3;0.0;0.0
3322;2;0.0;0.0
3323;1;0.0;0.0
3326;4;0.0;0.0
3327;2;0.0;0.0
3328;3;0.0;0.0
3329;2;0.0;0.0
333;2;0.0;0.0
3330;1;0.0;0.0
3331;6;0.266667;1.333.333
3333;4;0.333333;1.0
3334;6;0.133333;0.666667
3337;2;0.0;0.0
3338;2;0.0;0.0
3339;6;0.133333;0.666667
3340;2;0.0;0.0
3341;2;0.0;0.0
3342;2;0.0;0.0
3343;2;0.0;0.0
3345;6;0.133333;0.666667
3347;2;0.0;0.0
3349;3;0.0;0.0
335;2;0.0;0.0
3351;2;0.0;0.0
3352;2;0.0;0.0
3353;3;0.0;0.0
3354;2;0.0;0.0
3356;5;0.1;0.4
3362;2;0.0;0.0
3370;2;0.0;0.0
3371;2;0.0;0.0
3372;2;0.0;0.0
339;2;0.0;0.0
34;3;0.0;0.0
35;3;0.0;0.0
3501;3;0.0;0.0
3502;2;0.0;0.0
3503;2;0.0;0.0
3504;3;0.0;0.0
3505;2;0.0;0.0
3506;3;0.0;0.0
3507;2;0.0;0.0
3508;2;0.0;0.0
3509;1;0.0;0.0
3510;1;0.0;0.0
352;3;0.0;0.0
353;2;0.0;0.0
354;3;0.333333;0.666667
3543;4;0.166667;0.5
3544;3;0.333333;0.666667
3545;5;0.0;0.0
3546;2;1.0;1.0
3547;5;0.1;0.4
3548;7;0.142857;0.857143
355;2;0.0;0.0
3553;3;0.0;0.0
3554;4;0.333333;1.0
356;2;0.0;0.0
36;2;0.0;0.0
3601;2;0.0;0.0
3602;2;0.0;0.0
3603;2;0.0;0.0
3604;2;0.0;0.0
3605;2;0.0;0.0
3606;2;0.0;0.0
3609;2;0.0;0.0
3610;2;0.0;0.0
3611;2;0.0;0.0
3612;2;0.0;0.0
3613;1;0.0;0.0
3614;1;0.0;0.0
3615;2;0.0;0.0
3616;2;0.0;0.0
37;4;0.166667;0.5
38;2;0.0;0.0
3999;7;0.0;0.0
4;2;0.0;0.0
4001;9;0.027778;0.222222
4002;9;0.0;0.0
4003;5;0.1;0.4
4004;8;0.035714;0.25
4006;9;0.027778;0.222222
4007;8;0.071429;0.5
4015;2;0.0;0.0
4016;2;0.0;0.0
4018;1;0.0;0.0
4022;3;0.333333;0.666667
4026;3;0.0;0.0
4029;3;0.0;0.0
4031;1;0.0;0.0
4033;1;0.0;0.0
4079;1;0.0;0.0
409;9;0.055556;0.444444
41;2;0.0;0.0
4103;5;0.0;0.0
4104;4;0.166667;0.5
4105;4;0.0;0.0
4106;3;0.0;0.0
4109;2;0.0;0.0
4111;2;0.0;0.0
4160;3;0.0;0.0
4162;2;0.0;0.0
4164;2;0.0;0.0
42;2;0.0;0.0
4202;7;0.095238;0.571429
4204;2;1.0;1.0
4205;3;0.333333;0.666667
4206;3;0.333333;0.666667
4209;2;0.0;0.0
4210;2;0.0;0.0
43;2;0.0;0.0
4301;2;0.0;0.0
4302;2;0.0;0.0
4303;2;0.0;0.0
4304;2;0.0;0.0
4305;4;0.0;0.0
4306;4;0.166667;0.5
4308;3;0.333333;0.666667
4309;2;0.0;0.0
4311;3;0.0;0.0
4313;3;0.0;0.0
4315;2;0.0;0.0
4316;2;1.0;1.0
4317;2;0.0;0.0
4318;4;0.0;0.0
4319;2;0.0;0.0
4320;3;0.0;0.0
4322;2;0.0;0.0
4399;7;0.0;0.0
44;2;0.0;0.0
4401;4;0.166667;0.5
4403;2;0.0;0.0
4404;2;0.0;0.0
4405;3;0.333333;0.666667
4406;2;0.0;0.0
4409;5;0.0;0.0
4410;4;0.0;0.0
4413;4;0.0;0.0
4414;5;0.0;0.0
4418;3;0.0;0.0
4419;3;0.0;0.0
4420;2;0.0;0.0
4421;2;0.0;0.0
4422;2;0.0;0.0
4425;2;0.0;0.0
4426;2;0.0;0.0
4427;2;0.0;0.0
4428;2;0.0;0.0
4429;3;0.0;0.0
4430;3;0.0;0.0
4433;4;0.0;0.0
4434;4;0.0;0.0
4451;2;0.0;0.0
4452;4;0.0;0.0
4453;3;0.0;0.0
4454;3;0.0;0.0
4455;2;0.0;0.0
4456;4;0.0;0.0
4459;4;0.0;0.0
4460;3;0.333333;0.666667
4461;2;0.0;0.0
4463;3;0.333333;0.666667
4464;3;0.333333;0.666667
4467;2;1.0;1.0
4468;2;0.0;0.0
4469;4;0.166667;0.5
4470;2;0.0;0.0
4471;2;0.0;0.0
4472;2;0.0;0.0
4475;3;0.0;0.0
4476;2;0.0;0.0
4477;2;0.0;0.0
4478;3;0.0;0.0
4480;2;0.0;0.0
449;4;0.166667;0.5
45;2;0.0;0.0
451;5;0.1;0.4
452;7;0.047619;0.285714
453;9;0.083333;0.666667
455;4;0.0;0.0
459;5;0.1;0.4
46;4;0.333333;1.0
461;3;0.0;0.0
462;4;0.166667;0.5
463;5;0.1;0.4
465;4;0.0;0.0
466;7;0.095238;0.571429
467;3;0.0;0.0
469;13;0.025641;0.307692
47;2;0.0;0.0
470;16;0.008333;0.125
472;3;0.666667;1.333.333
473;4;0.166667;0.5
474;5;0.2;0.8
475;5;0.2;0.8
476;2;0.0;0.0
49;2;0.0;0.0
5;5;0.1;0.4
50;3;0.333333;0.666667
500;13;0.064103;0.769231
500001;2;0.0;0.0
500003;2;0.0;0.0
500005;2;0.0;0.0
500007;2;0.0;0.0
500009;3;0.0;0.0
500010;2;0.0;0.0
500011;2;0.0;0.0
500012;2;0.0;0.0
500013;2;0.0;0.0
500014;2;0.0;0.0
500016;2;0.0;0.0
500017;2;0.0;0.0
500020;3;0.0;0.0
500022;2;0.0;0.0
500024;2;0.0;0.0
500026;2;0.0;0.0
500028;2;0.0;0.0
500030;3;0.0;0.0
500032;2;0.0;0.0
500034;2;0.0;0.0
5001;3;0.0;0.0
5002;2;0.0;0.0
5003;2;0.0;0.0
5004;3;0.0;0.0
5005;4;0.0;0.0
5006;4;0.0;0.0
5009;4;0.0;0.0
5010;4;0.0;0.0
5011;3;0.0;0.0
5012;2;0.0;0.0
5013;2;0.0;0.0
5014;2;0.0;0.0
5017;3;0.0;0.0
5018;3;0.0;0.0
5019;2;0.0;0.0
5020;2;0.0;0.0
5021;5;0.1;0.4
5022;5;0.1;0.4
5025;2;1.0;1.0
5026;3;0.333333;0.666667
5027;4;0.333333;1.0
5028;4;0.333333;1.0
5029;2;1.0;1.0
5030;2;1.0;1.0
5032;2;0.0;0.0
5033;4;0.166667;0.5
5034;4;0.166667;0.5
5035;2;0.0;0.0
5038;2;0.0;0.0
51;3;0.0;0.0
5101;2;0.0;0.0
5102;2;0.0;0.0
5103;5;0.0;0.0
5104;4;0.0;0.0
5105;2;0.0;0.0
5109;2;0.0;0.0
5110;2;0.0;0.0
5111;3;0.0;0.0
5112;2;0.0;0.0
5113;2;0.0;0.0
5114;3;0.0;0.0
5117;2;0.0;0.0
5118;2;0.0;0.0
5120;2;0.0;0.0
5122;2;0.0;0.0
52;6;0.133333;0.666667
5201;2;0.0;0.0
5202;2;0.0;0.0
5203;4;0.0;0.0
5204;2;0.0;0.0
5205;2;0.0;0.0
5206;2;0.0;0.0
5207;4;0.0;0.0
5208;3;0.0;0.0
5213;3;0.0;0.0
5255;6;0.133333;0.666667
5256;2;0.0;0.0
5257;2;0.0;0.0
5259;2;0.0;0.0
5260;2;0.0;0.0
527;8;0.071429;0.5
53;3;0.0;0.0
5301;3;0.0;0.0
5302;3;0.0;0.0
5304;2;0.0;0.0
5305;2;0.0;0.0
5306;2;0.0;0.0
5307;2;0.0;0.0
54;3;0.333333;0.666667
5401;3;0.0;0.0
5402;2;0.0;0.0
5403;3;0.0;0.0
5404;2;0.0;0.0
5406;4;0.0;0.0
5410;3;0.0;0.0
5412;2;0.0;0.0
5501;2;0.0;0.0
5502;2;0.0;0.0
5503;1;0.0;0.0
5504;1;0.0;0.0
57;2;0.0;0.0
5701;2;0.0;0.0
5702;3;0.0;0.0
5703;2;0.0;0.0
5704;2;0.0;0.0
5705;2;0.0;0.0
5706;2;0.0;0.0
5709;3;0.333333;0.666667
5710;3;0.0;0.0
5713;2;1.0;1.0
5714;4;0.166667;0.5
5750;2;0.0;0.0
5751;2;0.0;0.0
5754;2;0.0;0.0
5755;2;0.0;0.0
5758;2;0.0;0.0
5759;2;0.0;0.0
5762;2;0.0;0.0
5766;2;0.0;0.0
59;2;0.0;0.0
598;2;0.0;0.0
6;2;0.0;0.0
6001;6;0.133333;0.666667
6002;5;0.2;0.8
6003;4;0.333333;1.0
6004;5;0.3;1.2
6005;5;0.1;0.4
6006;5;0.1;0.4
6008;2;0.0;0.0
6009;6;0.066667;0.333333
601;4;0.0;0.0
6010;5;0.0;0.0
6012;5;0.2;0.8
6016;4;0.0;0.0
6017;3;0.0;0.0
6018;5;0.0;0.0
602;3;0.0;0.0
6020;5;0.1;0.4
6022;2;1.0;1.0
6023;2;0.0;0.0
6024;4;0.0;0.0
6026;5;0.2;0.8
6027;2;0.0;0.0
6028;4;0.166667;0.5
6029;3;0.0;0.0
6030;3;0.333333;0.666667
6033;3;0.333333;0.666667
6035;2;1.0;1.0
6037;4;0.166667;0.5
6039;2;0.0;0.0
604;5;0.0;0.0
6040;2;1.0;1.0
6043;5;0.0;0.0
6045;2;0.0;0.0
6049;2;0.0;0.0
605;4;0.166667;0.5
6050;2;0.0;0.0
6054;2;0.0;0.0
6057;2;0.0;0.0
6058;4;0.166667;0.5
6059;4;0.333333;1.0
6060;2;0.0;0.0
6062;2;0.0;0.0
607;2;0.0;0.0
6082;2;0.0;0.0
609;6;0.066667;0.333333
61;4;0.166667;0.5
611;2;0.0;0.0
614;7;0.095238;0.571429
615;2;1.0;1.0
616;2;0.0;0.0
617;2;1.0;1.0
620;2;0.0;0.0
62001;1;0.0;0.0
62002;1;0.0;0.0
6202;3;0.0;0.0
6203;2;0.0;0.0
6204;3;0.0;0.0
6205;2;0.0;0.0
6206;3;0.0;0.0
6208;2;0.0;0.0
6209;3;0.0;0.0
621;5;0.1;0.4
6210;3;0.0;0.0
6211;3;0.0;0.0
6212;3;0.0;0.0
6214;2;0.0;0.0
6215;2;0.0;0.0
6216;4;0.0;0.0
6217;3;0.0;0.0
6218;3;0.0;0.0
6219;3;0.0;0.0
622;5;0.2;0.8
6220;2;0.0;0.0
6221;5;0.0;0.0
6222;2;0.0;0.0
6223;4;0.0;0.0
6224;4;0.0;0.0
6225;3;0.0;0.0
6226;2;0.0;0.0
6227;2;0.0;0.0
6228;2;0.0;0.0
6230;3;0.0;0.0
6231;2;0.0;0.0
6233;2;0.0;0.0
6234;4;0.0;0.0
6235;2;0.0;0.0
6236;2;0.0;0.0
6238;2;0.0;0.0
6239;3;0.0;0.0
6241;2;0.0;0.0
6242;2;0.0;0.0
6243;2;0.0;0.0
6244;2;0.0;0.0
6246;1;0.0;0.0
6247;1;0.0;0.0
6272;7;0.095238;0.571429
6274;4;0.0;0.0
6275;2;0.0;0.0
6285;5;0.0;0.0
6286;5;0.0;0.0
6451;3;0.0;0.0
6452;3;0.0;0.0
6453;3;0.0;0.0
6454;2;0.0;0.0
6455;3;0.0;0.0
6456;2;0.0;0.0
6459;3;0.0;0.0
6460;3;0.0;0.0
6461;3;0.0;0.0
6462;4;0.0;0.0
6463;2;0.0;0.0
6464;2;0.0;0.0
6468;3;0.0;0.0
6469;2;0.0;0.0
6470;2;0.0;0.0
6471;3;0.0;0.0
6472;2;0.0;0.0
6477;2;0.0;0.0
6478;2;0.0;0.0
65;4;0.5;1.5
6501;3;0.0;0.0
6502;3;0.0;0.0
6503;3;0.0;0.0
6504;3;0.0;0.0
6505;2;0.0;0.0
6506;2;0.0;0.0
6509;1;0.0;0.0
6510;1;0.0;0.0
6657;2;0.0;0.0
6661;2;0.0;0.0
6665;2;0.0;0.0
6667;2;0.0;0.0
6669;2;0.0;0.0
6671;2;0.0;0.0
6673;2;0.0;0.0
6677;2;0.0;0.0
6681;2;0.0;0.0
6685;2;0.0;0.0
6689;2;0.0;0.0
6691;2;0.0;0.0
6693;2;0.0;0.0
6695;3;0.333333;0.666667
67;7;0.142857;0.857143
7;6;0.0;0.0
7001;8;0.0;0.0
7002;7;0.095238;0.571429
7003;2;0.0;0.0
7004;2;0.0;0.0
7005;3;0.0;0.0
7006;2;0.0;0.0
7007;2;0.0;0.0
7009;2;0.0;0.0
701;5;0.1;0.4
7010;3;0.0;0.0
7011;5;0.0;0.0
7012;2;0.0;0.0
7013;2;0.0;0.0
7014;6;0.0;0.0
7015;2;0.0;0.0
7017;4;0.166667;0.5
7018;2;0.0;0.0
7019;4;0.166667;0.5
702;4;0.0;0.0
7020;2;0.0;0.0
7021;4;0.166667;0.5
7022;5;0.1;0.4
7025;3;0.0;0.0
7027;1;0.0;0.0
7028;3;0.333333;0.666667
703;4;0.0;0.0
7030;5;0.1;0.4
7034;1;0.0;0.0
704;12;0.015152;0.166667
705;3;0.333333;0.666667
7051;2;0.0;0.0
7052;2;0.0;0.0
7053;6;0.066667;0.333333
7054;3;0.0;0.0
7055;3;0.0;0.0
7056;3;0.0;0.0
706;3;0.333333;0.666667
7060;2;0.0;0.0
707;4;0.0;0.0
709;5;0.1;0.4
710;5;0.2;0.8
7101;2;0.0;0.0
7102;2;0.0;0.0
7103;2;0.0;0.0
7104;2;0.0;0.0
7105;2;0.0;0.0
7106;2;0.0;0.0
7109;3;0.0;0.0
711;2;0.0;0.0
7110;3;0.0;0.0
7111;2;0.0;0.0
7112;2;0.0;0.0
7113;2;0.0;0.0
7114;2;0.0;0.0
7117;2;0.0;0.0
7118;2;0.0;0.0
7119;5;0.0;0.0
7120;5;0.0;0.0
7123;2;0.0;0.0
7124;2;0.0;0.0
7125;2;0.0;0.0
7126;3;0.0;0.0
7127;3;0.0;0.0
7128;3;0.0;0.0
7129;3;0.333333;0.666667
7130;2;0.0;0.0
7131;2;0.0;0.0
7133;5;0.1;0.4
7134;5;0.1;0.4
7135;2;0.0;0.0
7136;2;0.0;0.0
7140;3;0.0;0.0
7143;2;0.0;0.0
7144;5;0.0;0.0
7145;2;0.0;0.0
7146;3;0.0;0.0
7150;2;0.0;0.0
7151;3;0.333333;0.666667
7152;4;0.166667;0.5
7153;4;0.166667;0.5
7161;2;0.0;0.0
7162;4;0.166667;0.5
7163;5;0.1;0.4
7164;1;0.0;0.0
7171;3;0.0;0.0
7172;3;0.0;0.0
7201;2;0.0;0.0
7203;2;0.0;0.0
7204;2;0.0;0.0
7205;2;0.0;0.0
7206;2;0.0;0.0
7209;2;0.0;0.0
7210;2;0.0;0.0
7211;2;0.0;0.0
7212;2;0.0;0.0
7213;2;0.0;0.0
7214;2;0.0;0.0
7231;4;0.0;0.0
7232;2;0.0;0.0
7233;2;0.0;0.0
7234;2;0.0;0.0
7236;2;0.0;0.0
7301;2;0.0;0.0
7302;2;0.0;0.0
750;5;0.2;0.8
753;9;0.0;0.0
754;5;0.1;0.4
755;2;0.0;0.0
756;2;0.0;0.0
758;5;0.1;0.4
759;2;0.0;0.0
760;3;0.0;0.0
761;2;0.0;0.0
799;4;0.333333;1.0
8;4;0.0;0.0
800;3;0.0;0.0
8001;2;0.0;0.0
8002;2;0.0;0.0
8003;3;0.0;0.0
8004;2;0.0;0.0
8005;2;0.0;0.0
8006;2;0.0;0.0
8007;2;0.0;0.0
8008;2;0.0;0.0
8009;3;0.0;0.0
801;2;0.0;0.0
8010;2;0.0;0.0
8011;3;0.0;0.0
8012;2;0.0;0.0
8013;2;0.0;0.0
8014;4;0.0;0.0
8015;2;0.0;0.0
8016;2;0.0;0.0
8017;2;0.0;0.0
8018;2;0.0;0.0
8019;2;0.0;0.0
802;3;0.0;0.0
8020;3;0.0;0.0
8021;2;0.0;0.0
8022;2;0.0;0.0
8023;2;0.0;0.0
8024;2;0.0;0.0
8026;2;0.0;0.0
8028;2;0.0;0.0
803;8;0.107143;0.75
8030;2;0.0;0.0
8032;2;0.0;0.0
8034;2;0.0;0.0
8036;2;0.0;0.0
804;5;0.0;0.0
805;3;0.333333;0.666667
806;3;0.0;0.0
807;3;0.333333;0.666667
809;4;0.0;0.0
8101;3;0.0;0.0
8102;3;0.0;0.0
8103;3;0.0;0.0
8104;3;0.0;0.0
8105;2;0.0;0.0
8106;2;0.0;0.0
8109;2;0.0;0.0
811;2;0.0;0.0
8110;2;0.0;0.0
8111;3;0.0;0.0
8112;3;0.0;0.0
8113;2;0.0;0.0
8114;2;0.0;0.0
8117;2;0.0;0.0
8118;2;0.0;0.0
8120;2;0.0;0.0
8144;3;0.0;0.0
8145;3;0.0;0.0
8146;2;0.0;0.0
8148;2;0.0;0.0
8151;2;0.0;0.0
8152;2;0.0;0.0
8153;3;0.0;0.0
8154;3;0.0;0.0
8155;3;0.0;0.0
8156;3;0.0;0.0
8157;2;0.0;0.0
8158;2;0.0;0.0
8159;3;0.333333;0.666667
8160;3;0.333333;0.666667
8161;3;0.333333;0.666667
8162;3;0.333333;0.666667
8163;2;0.0;0.0
8164;2;0.0;0.0
8165;2;0.0;0.0
8167;2;0.0;0.0
8168;2;0.0;0.0
8169;2;0.0;0.0
8170;2;0.0;0.0
8171;2;0.0;0.0
8172;2;0.0;0.0
8173;2;0.0;0.0
8174;4;0.333333;1.0
8175;2;0.0;0.0
8176;2;0.0;0.0
8177;2;0.0;0.0
8178;2;0.0;0.0
8179;2;0.0;0.0
8180;2;0.0;0.0
8181;3;0.0;0.0
8182;3;0.0;0.0
851;2;0.0;0.0
855;4;0.0;0.0
856;3;0.0;0.0
897;5;0.1;0.4
9;5;0.1;0.4
9000;2;0.0;0.0
900002;2;0.0;0.0
9001;7;0.0;0.0
9002;6;0.0;0.0
9003;3;0.0;0.0
9004;2;0.0;0.0
9005;3;0.0;0.0
9006;3;0.0;0.0
9009;5;0.1;0.4
9010;6;0.066667;0.333333
9011;2;1.0;1.0
9012;3;0.333333;0.666667
9013;5;0.2;0.8
9014;5;0.2;0.8
9017;4;0.166667;0.5
9018;4;0.166667;0.5
9019;4;0.333333;1.0
902;4;0.0;0.0
9020;7;0.142857;0.857143
9021;3;0.666667;1.333.333
9022;3;0.333333;0.666667
9025;7;0.190476;1.142.857
9026;5;0.3;1.2
9027;2;1.0;1.0
9028;2;1.0;1.0
9029;3;0.666667;1.333.333
903;4;0.166667;0.5
9030;3;0.666667;1.333.333
9035;4;0.333333;1.0
9036;4;0.333333;1.0
9037;3;0.333333;0.666667
904;7;0.0;0.0
9040;2;1.0;1.0
9042;2;0.0;0.0
905;4;0.166667;0.5
906;5;0.0;0.0
909;2;0.0;0.0
910;4;0.0;0.0
9100;2;0.0;0.0
9101;2;0.0;0.0
9102;2;0.0;0.0
9103;2;0.0;0.0
9104;2;0.0;0.0
9105;2;0.0;0.0
9106;2;0.0;0.0
9109;2;0.0;0.0
911;2;0.0;0.0
9110;2;0.0;0.0
9111;2;0.0;0.0
9112;2;0.0;0.0
9113;2;0.0;0.0
9114;2;0.0;0.0
9117;2;0.0;0.0
9119;2;0.0;0.0
912;2;0.0;0.0
9120;2;0.0;0.0
9201;2;0.0;0.0
9202;2;1.0;1.0
9203;4;0.0;0.0
9204;4;0.0;0.0
9205;4;0.0;0.0
9206;5;0.1;0.4
9209;2;0.0;0.0
9210;2;0.0;0.0
9211;3;0.0;0.0
9212;3;0.0;0.0
9213;4;0.0;0.0
9214;2;0.0;0.0
9215;3;0.0;0.0
9216;3;0.0;0.0
9217;2;0.0;0.0
9218;3;0.0;0.0
9219;3;0.0;0.0
9220;3;0.0;0.0
9221;2;0.0;0.0
9222;2;0.0;0.0
9225;2;0.0;0.0
9226;2;0.0;0.0
9261;4;0.0;0.0
9262;3;0.0;0.0
9263;3;0.0;0.0
9264;4;0.0;0.0
9265;3;0.0;0.0
9266;3;0.0;0.0
9269;5;0.0;0.0
9270;2;0.0;0.0
9271;2;0.0;0.0
9272;2;0.0;0.0
9273;2;0.0;0.0
9274;2;0.0;0.0
9301;3;0.0;0.0
9302;3;0.0;0.0
9303;2;0.0;0.0
9304;2;0.0;0.0
9305;2;0.0;0.0
9306;4;0.0;0.0
9309;2;0.0;0.0
9310;2;0.0;0.0
9311;3;0.0;0.0
9312;2;0.0;0.0
9313;3;0.0;0.0
9314;2;0.0;0.0
9318;2;0.0;0.0
9320;2;0.0;0.0
9322;2;0.0;0.0
9323;2;0.0;0.0
9324;2;0.0;0.0
9325;2;0.0;0.0
9326;2;0.0;0.0
9328;2;0.0;0.0
9330;2;0.0;0.0
9350;4;0.0;0.0
9352;2;0.0;0.0
9354;2;0.0;0.0
9358;2;0.0;0.0
9360;4;0.166667;0.5
9401;3;0.333333;0.666667
9403;4;0.166667;0.5
9405;4;0.166667;0.5
9450;2;0.0;0.0
9451;2;0.0;0.0
9452;4;0.0;0.0
9453;4;0.0;0.0
9454;3;0.0;0.0
9455;3;0.0;0.0
9458;4;0.166667;0.5
9459;3;0.0;0.0
9460;2;0.0;0.0
9461;3;0.0;0.0
9462;4;0.0;0.0
9463;3;0.0;0.0
9464;2;1.0;1.0
9466;3;0.0;0.0
9467;3;0.0;0.0
9468;2;0.0;0.0
9469;2;0.0;0.0
9470;2;0.0;0.0
9471;2;0.0;0.0
9499;1;0.0;0.0
9500;2;0.0;0.0
9501;3;0.333333;0.666667
9502;3;0.333333;0.666667
951;2;0.0;0.0
951002;2;0.0;0.0
952;2;0.0;0.0
953;2;0.0;0.0
954;2;0.0;0.0
99010;2;0.0;0.0
99013;2;0.0;0.0
